{"rootConfigs":["DataSourceConfig.class"],"removeRootConfigs":["tw.com.softleader.data.config.DataSourceConfiguration.class"],"servletConfigs":[],"folders":["src/main/java/{pkgPath}/example/dao","src/main/java/{pkgPath}/example/entity","src/main/java/{pkgPath}/example/service","src/main/java/{pkgPath}/example/service/impl","src/main/java/{pkgPath}/example/web","src/test/java/{pkgPath}/example/service","src/test/java/{pkgPath}/example/web"],"sources":[{"name":"DataSourceConfig.java","path":"src/main/java/{pkgPath}/config","archive":"DataSourceConfig.java"},{"name":"ExampleController.java","path":"src/main/java/{pkgPath}/example/web","archive":"ExampleController.java"},{"name":"ExampleControllerTest.java","path":"src/test/java/{pkgPath}/example/web","archive":"ExampleControllerTest.java"},{"name":"ExampleDao.java","path":"src/main/java/{pkgPath}/example/dao","archive":"ExampleDao.java"},{"name":"ExampleEntity.java","path":"src/main/java/{pkgPath}/example/entity","archive":"ExampleEntity.java"},{"name":"ExampleAssociationEntity.java","path":"src/main/java/{pkgPath}/example/entity","archive":"ExampleAssociationEntity.java"},{"name":"ExampleService.java","path":"src/main/java/{pkgPath}/example/service","archive":"ExampleService.java"},{"name":"ExampleServiceImpl.java","path":"src/main/java/{pkgPath}/example/service/impl","archive":"ExampleServiceImpl.java"},{"name":"ExampleServiceTest.java","path":"src/test/java/{pkgPath}/example/service","archive":"ExampleServiceTest.java"},{"name":"ValidationMessages.properties","path":"src/main/resources/","archive":"ValidationMessages.properties"},{"name":"ValidationMessages.properties","path":"src/test/resources/","archive":"ValidationMessages.properties"}]}
