{"rootConfigs":["tw.com.softleader.data.config.DataSourceConfiguration.class","tw.com.softleader.domain.config.DefaultDomainConfiguration.class","WebSecurityConfig.class","ServiceConfig.class"],"removeRootConfigs":[],"servletConfigs":["WebMvcConfig.class"],"folders":["src/main/java/{pkgPath}/security/service","src/main/java/{pkgPath}/index/web","src/main/resources","src/main/webapp/WEB-INF/pages","src/test/java/{pkgPath}","src/test/resources"],"sources":[{"name":"SecurityWebApplicationInitializer.java","path":"src/main/java/{pkgPath}/config","archive":"SecurityWebApplicationInitializer.java"},{"name":"WebSecurityConfig.java","path":"src/main/java/{pkgPath}/config","archive":"WebSecurityConfig.java"},{"name":"ServiceConfig.java","path":"src/main/java/{pkgPath}/config","archive":"ServiceConfig.java"},{"name":"WebMvcConfig.java","path":"src/main/java/{pkgPath}/config","archive":"WebMvcConfig.java"},{"name":"UserDetailsService.java","path":"src/main/java/{pkgPath}/security/service","archive":"UserDetailsService.java"},{"name":"IndexController.java","path":"src/main/java/{pkgPath}/index/web","archive":"IndexController.java"},{"name":"datasource.properties","path":"src/main/resources","archive":"datasource.properties"},{"name":"datasource.properties","path":"test/main/resources","archive":"datasource.properties"},{"name":"index.jsp","path":"src/main/webapp/WEB-INF/pages","archive":"index.jsp"},{"name":"login.jsp","path":"src/main/webapp/WEB-INF/pages","archive":"login.jsp"},{"name":"logback.xml","path":"src/main/resources/","archive":"logback.xml"},{"name":"logback-test.xml","path":"src/test/resources/","archive":"logback.xml"}]}
