{"rootConfigs":["tw.com.softleader.data.config.DataSourceConfiguration.class","tw.com.softleader.domain.config.DomainConfiguration.class","WebSecurityConfig.class"],"servletConfigs":["tw.com.softleader.web.mvc.config.WebMvcConfiguration.class"],"folders":["src/main/java/{pkgPath}/service","src/main/java/{pkgPath}/web","src/main/resources","src/main/webapp/WEB-INF/pages","src/test/java/{pkgPath}","src/test/resources"],"sources":[{"name":"SecurityWebApplicationInitializer.java","path":"src/main/java/{pkgPath}/config","archive":"SecurityWebApplicationInitializer.java"},{"name":"WebSecurityConfig.java","path":"src/main/java/{pkgPath}/config","archive":"WebSecurityConfig.java"},{"name":"UserDetailsService.java","path":"src/main/java/{pkgPath}/service","archive":"UserDetailsService.java"},{"name":"IndexController.java","path":"src/main/java/{pkgPath}/web","archive":"IndexController.java"},{"name":"datasource.properties","path":"src/main/resources","archive":"datasource.properties"},{"name":"index.jsp","path":"src/main/webapp/WEB-INF/pages","archive":"index.jsp"},{"name":"login.jsp","path":"src/main/webapp/WEB-INF/pages","archive":"login.jsp"}]}
