{"rootConfigs":["tw.com.softleader.data.config.DataSourceConfiguration.class","tw.com.softleader.domain.config.DomainConfiguration.class","WebSecurityConfig.class"],"servletConfigs":["tw.com.softleader.web.mvc.config.WebMvcConfiguration.class"],"folders":[".settings","src/main/java/{pkgPath}/config","src/main/java/{pkgPath}/service","src/main/java/{pkgPath}/web","src/main/resources","src/main/webapp/WEB-INF/pages","src/test/java/{pkgPath}","src/test/resources"],"sources":[{"name":"org.eclipse.wst.common.component","path":".settings","archive":"org.eclipse.wst.common.component","global":1},{"name":"org.eclipse.wst.common.project.facet.core.xml","path":".settings","archive":"org.eclipse.wst.common.project.facet.core.xml","global":1},{"name":"org.eclipse.m2e.core.prefs","path":".settings","archive":"org.eclipse.m2e.core.prefs","global":1},{"name":"org.eclipse.jdt.core.prefs","path":".settings","archive":"org.eclipse.jdt.core.prefs","global":1},{"name":"org.eclipse.core.resources.prefs","path":".settings","archive":"org.eclipse.core.resources.prefs","global":1},{"name":"org.eclipse.wst.validation.prefs","path":".settings","archive":"org.eclipse.wst.validation.prefs","global":1},{"name":".classpath","path":"","archive":"classpath","global":1},{"name":"pom.xml","path":"","archive":"pom.xml","global":1},{"name":"SecurityWebApplicationInitializer.java","path":"src/main/java/{pkgPath}/config","archive":"SecurityWebApplicationInitializer.java","global":1},{"name":"WebSecurityConfig.java","path":"src/main/java/{pkgPath}/config","archive":"WebSecurityConfig.java","global":0},{"name":"WebApplicationInitializer.java","path":"src/main/java/{pkgPath}/config","archive":"WebApplicationInitializer.java","global":0},{"name":"UserDetailsService.java","path":"src/main/java/{pkgPath}/service","archive":"UserDetailsService.java","global":0},{"name":"IndexController.java","path":"src/main/java/{pkgPath}/web","archive":"IndexController.java","global":0},{"name":"datasource.properties","path":"src/main/resources","archive":"datasource.properties","global":0},{"name":"index.jsp","path":"src/main/webapp/WEB-INF/pages","archive":"index.jsp","global":0},{"name":"login.jsp","path":"src/main/webapp/WEB-INF/pages","archive":"login.jsp","global":0}]}
