{
  "rootConfigs": [
    "tw.com.softleader.data.config.DataSourceConfiguration.class",
    "tw.com.softleader.domain.config.DomainConfiguration.class",
    "WebSecurityConfig.class"
  ],
  "servletConfigs": [
    "tw.com.softleader.web.mvc.config.WebMvcConfiguration.class"
  ],
  "folders": [
    ".settings",
    "src/main/java/{pkgPath}/config",
    "src/main/java/{pkgPath}/service",
    "src/main/java/{pkgPath}/web",
    "src/main/resources",
    "src/main/webapp/WEB-INF/pages",
    "src/test/java/{pkgPath}",
    "src/test/resources"
  ],
  "sources": [
    {
      "name": "org.eclipse.wst.common.component",
      "path": ".settings",
      "archive": "org.eclipse.wst.common.component"
    },
    {
      "name": "org.eclipse.wst.common.project.facet.core.xml",
      "path": ".settings",
      "archive": "org.eclipse.wst.common.project.facet.core.xml"
    },
    {
      "name": "org.eclipse.m2e.core.prefs",
      "path": ".settings",
      "archive": "org.eclipse.m2e.core.prefs"
    },
    {
      "name": "org.eclipse.jdt.core.prefs",
      "path": ".settings",
      "archive": "org.eclipse.jdt.core.prefs"
    },
    {
      "name": "org.eclipse.core.resources.prefs",
      "path": ".settings",
      "archive": "org.eclipse.core.resources.prefs"
    },
    {
      "name": "org.eclipse.wst.validation.prefs",
      "path": ".settings",
      "archive": "org.eclipse.wst.validation.prefs"
    },
    {
      "name": ".classpath",
      "path": "",
      "archive": "classpath"
    },
    {
      "name": "pom.xml",
      "path": "",
      "archive": "pom.xml"
    },
    {
      "name": "SecurityWebApplicationInitializer.java",
      "path": "src/main/java/{pkgPath}/config",
      "archive": "SecurityWebApplicationInitializer.java"
    },
    {
      "name": "WebSecurityConfig.java",
      "path": "src/main/java/{pkgPath}/config",
      "archive": "WebSecurityConfig.java"
    },
    {
      "name": "WebApplicationInitializer.java",
      "path": "src/main/java/{pkgPath}/config",
      "archive": "WebApplicationInitializer.java"
    },
    {
      "name": "UserDetailsService.java",
      "path": "src/main/java/{pkgPath}/service",
      "archive": "UserDetailsService.java"
    },
    {
      "name": "IndexController.java",
      "path": "src/main/java/{pkgPath}/web",
      "archive": "IndexController.java"
    },
    {
      "name": "datasource.properties",
      "path": "src/main/resources",
      "archive": "datasource.properties"
    },
    {
      "name": "index.jsp",
      "path": "src/main/webapp/WEB-INF/pages",
      "archive": "index.jsp"
    },
    {
      "name": "login.jsp",
      "path": "src/main/webapp/WEB-INF/pages",
      "archive": "login.jsp"
    }
  ]
}
