{"rootConfigs":[],"servletConfigs":[],"folders":[".settings","src/main/java/{pkgPath}/config"],"sources":[{"name":"org.eclipse.wst.common.component","path":".settings","archive":"org.eclipse.wst.common.component"},{"name":"org.eclipse.wst.common.project.facet.core.xml","path":".settings","archive":"org.eclipse.wst.common.project.facet.core.xml"},{"name":"org.eclipse.m2e.core.prefs","path":".settings","archive":"org.eclipse.m2e.core.prefs"},{"name":"org.eclipse.jdt.core.prefs","path":".settings","archive":"org.eclipse.jdt.core.prefs"},{"name":"org.eclipse.core.resources.prefs","path":".settings","archive":"org.eclipse.core.resources.prefs"},{"name":"org.eclipse.wst.validation.prefs","path":".settings","archive":"org.eclipse.wst.validation.prefs"},{"name":".classpath","path":"","archive":"classpath"},{"name":"pom.xml","path":"","archive":"pom.xml"},{"name":"WebApplicationInitializer.java","path":"src/main/java/{pkgPath}/config","archive":"WebApplicationInitializer.java"}]}
